{
    "InfixBiometrics": false,
    "FeesCollection": false,
    "ResultReports": false,
    "TemplateSettings": true,
    "RolePermission": true,
    "RazorPay": false,
    "Saas": false,
    "Lesson": true,
    "Zoom": false,
    "ParentRegistration": false,
    "SaasSubscription": false,
    "Inventory": false,
    "SaasRolePermission": false,
    "MenuManage": true,
    "OnlineExam": false,
    "BBB": false,
    "Jitsi": false,
    "StudentAbsentNotification": true,
    "Chat": true,
    "BulkPrint": true,
    "XenditPayment": true,
    "HimalayaSms": true
}