{"version":"0.4","title":"Dokan Store","type":"store","content":[{"id":"646fbe4","settings":{"structure":"21"},"elements":[{"id":"250542ed","settings":{"_column_size":33,"_inline_size":27.113},"elements":[{"id":"549540d7","settings":[],"elements":[],"isInner":false,"widgetType":"wp-widget-dokan-store-support-widget","elType":"widget"},{"id":"5229c4b3","settings":[],"elements":[],"isInner":false,"widgetType":"wp-widget-dokan-store-open-close-widget","elType":"widget"},{"id":"231949a3","settings":[],"elements":[],"isInner":false,"widgetType":"wp-widget-dokan-store-contact-widget","elType":"widget"},{"id":"313794b4","settings":[],"elements":[],"isInner":false,"widgetType":"wp-widget-dokan-store-location","elType":"widget"},{"id":"3525c56f","settings":[],"elements":[],"isInner":false,"widgetType":"wp-widget-dokan-store-menu","elType":"widget"}],"isInner":false,"elType":"column"},{"id":"33093e63","settings":{"_column_size":66,"_inline_size":72.886},"elements":[{"id":"1b31b6f7","settings":{"layout":"full_width","gap":"no","background_background":"classic","background_color":"#ffffff","border_border":"solid","border_width":{"unit":"px","top":"1","right":"1","bottom":"1","left":"1","isLinked":true},"border_color":"#dddddd","margin":{"unit":"%","top":"","right":0,"bottom":"","left":0,"isLinked":false}},"elements":[{"id":"431570c","settings":{"_column_size":100,"_inline_size":null},"elements":[{"id":"3c3f456e","settings":{"__dynamic__":{"image":"[elementor-tag id=\"\" name=\"dokan-store-banner\" settings=\"%5B%5D\"]"}},"elements":[],"isInner":false,"widgetType":"dokan-store-banner","elType":"widget"},{"id":"2f7e9806","settings":{"__dynamic__":{"image":"[elementor-tag id=\"\" name=\"dokan-store-profile-picture\" settings=\"%7B%22fallback%22%3A%7B%22url%22%3A%22https%3A%5C%2F%5C%2Fsecure.gravatar.com%5C%2Favatar%5C%2F%3Fs%3D96%26d%3Dmm%26r%3Dg%22%2C%22id%22%3A0%7D%7D\"]"},"align":"center","width":{"unit":"px","size":115},"image_border_border":"solid","image_border_width":{"unit":"px","top":"2","right":"2","bottom":"2","left":"2","isLinked":true},"image_border_color":"#ffffff","image_border_radius":{"unit":"%","top":"50","right":"50","bottom":"50","left":"50","isLinked":true},"image_box_shadow_box_shadow_type":"yes","image_box_shadow_box_shadow":{"horizontal":0,"vertical":0,"blur":2,"spread":0,"color":"rgba(0,0,0,0.38)"},"_dokan_position":"absolute","_dokan_position_top":"-75px","_dokan_position_left":"calc(50% - 62px)","_element_vertical_align":"flex-start"},"elements":[],"isInner":false,"widgetType":"dokan-store-profile-picture","elType":"widget"},{"id":"a6e9cb0","settings":{"__dynamic__":{"title":"[elementor-tag id=\"\" name=\"dokan-store-name-tag\" settings=\"%7B%22before%22%3A%22%22%2C%22after%22%3A%22%22%2C%22fallback%22%3A%22%22%7D\"]"},"title":"Add Your Heading Text Here","align":"center","title_color":"#444444","typography_typography":"custom","typography_font_size":{"unit":"px","size":38},"_margin":{"unit":"px","top":"50","right":"0","bottom":"0","left":"0","isLinked":false}},"elements":[],"isInner":false,"widgetType":"dokan-store-name","elType":"widget"},{"id":"55b806ef","settings":{"view":"inline","icon_list":[{"key":"address","title":"Address","text":"New York, United States (US)","icon":"fas fa-map-marker","show":true,"_id":"450f522"},{"key":"phone","title":"Phone No","text":"123-456-7890","icon":"fas fa-mobile","show":true,"_id":"fe389ac"},{"key":"email","title":"Email","text":"mail@store.com","icon":"fas fa-envelope-open","show":true,"_id":"2440af3"},{"key":"rating","title":"Rating","text":"5 rating from 100 reviews","icon":"fas fa-star","show":true,"_id":"64c99f7"},{"key":"open_close_status","title":"Open/Close Status","text":"Store is open","icon":"fas fa-shopping-cart","times":"fas fa-angle-down","show":true,"_id":"9db7d9b"}],"__dynamic__":{"store_info":"[elementor-tag id=\"\" name=\"dokan-store-info\" settings=\"%7B%22before%22%3A%22%22%2C%22after%22%3A%22%22%2C%22fallback%22%3A%22%22%7D\"]"},"icon_align":"center","icon_color":"#444444","icon_size":{"unit":"px","size":13},"text_color":"#444444","icon_typography_typography":"custom","icon_typography_font_size":{"unit":"px","size":13},"_margin":{"unit":"px","top":"0","right":"0","bottom":"-5","left":"0","isLinked":false}},"elements":[],"isInner":false,"widgetType":"dokan-store-info","elType":"widget"},{"id":"48d34c10","settings":{"social_icon_list":[{"social_icon":{"value":"fab fa-facebook","library":"fa-brands"},"social":"fab fa-facebook","_id":"d5ae40e","link":{"url":"","is_external":"true","nofollow":""}},{"social_icon":{"value":"fab fa-twitter","library":"fa-brands"},"social":"fab fa-twitter","_id":"8d69b3f","link":{"url":"","is_external":"true","nofollow":""}},{"social_icon":{"value":"fab fa-pinterest","library":"fa-brands"},"social":"fab fa-pinterest","_id":"d02d19f","link":{"url":"","is_external":"true","nofollow":""}},{"social_icon":{"value":"fab fa-linkedin","library":"fa-brands"},"social":"fab fa-linkedin","_id":"9ee3758","link":{"url":"","is_external":"true","nofollow":""}},{"social_icon":{"value":"fab fa-youtube","library":"fa-brands"},"social":"fab fa-youtube","_id":"75ff107","link":{"url":"","is_external":"true","nofollow":""}},{"social_icon":{"value":"fab fa-instagram","library":"fa-brands"},"social":"fab fa-instagram","_id":"bd8580a","link":{"url":"","is_external":"true","nofollow":""}},{"social_icon":{"value":"fab fa-flickr","library":"fa-brands"},"social":"fab fa-flickr","_id":"4e6cfd0","link":{"url":"","is_external":"true","nofollow":""}}],"__dynamic__":{"store_social_links":"[elementor-tag id=\"\" name=\"dokan-store-social-profile-tag\" settings=\"%7B%22before%22%3A%22%22%2C%22after%22%3A%22%22%2C%22fallback%22%3A%22%22%7D\"]"},"icon_size":{"unit":"px","size":13},"_margin":{"unit":"px","top":"0","right":"0","bottom":"12","left":"0","isLinked":false},"custom_css":"selector {\n    line-height: 1;\n}"},"elements":[],"isInner":false,"widgetType":"dokan-store-social-profile","elType":"widget"}],"isInner":true,"elType":"column"}],"isInner":true,"elType":"section"},{"id":"10d122a7","settings":{"layout":"full_width","gap":"no","structure":"20","background_background":"classic","background_color":"#ffffff","border_border":"solid","border_width":{"unit":"px","top":"0","right":"1","bottom":"1","left":"1","isLinked":false},"border_color":"#dddddd","box_shadow_box_shadow_type":"yes","box_shadow_box_shadow":{"horizontal":0,"vertical":1,"blur":1,"spread":0,"color":"rgba(0,0,0,0.11)"},"margin":{"unit":"px","top":"0","right":0,"bottom":"20","left":0,"isLinked":false}},"elements":[{"id":"608a2626","settings":{"_column_size":50,"_inline_size":42.19},"elements":[{"id":"d0a9d3f","settings":{"view":"inline","icon_list":[{"key":"products","title":"Products","text":"Products","url":"#","icon":"","show":true,"_id":"fdee846"},{"key":"terms_and_conditions","title":"Terms and Conditions","text":"Terms and Conditions","url":"#","icon":"","show":true,"_id":"2be226c"},{"key":"reviews","title":"Reviews","text":"Reviews","url":"#","icon":"","show":true,"_id":"7fa6df5"},{"key":"vendor_biography","title":"Vendor Biography","text":"Vendor Biography","url":"#","icon":"","show":true,"_id":"7fa6df6"}],"__dynamic__":{"tab_items":"[elementor-tag id=\"\" name=\"dokan-store-tab-items\" settings=\"%7B%22before%22%3A%22%22%2C%22after%22%3A%22%22%2C%22fallback%22%3A%22%22%7D\"]"},"divider":"yes","divider_height":{"unit":"px","size":41},"text_indent":{"unit":"px","size":0},"icon_typography_typography":"custom","icon_typography_font_size":{"unit":"px","size":14},"icon_typography_line_height":{"unit":"px","size":40},"_padding":{"unit":"px","top":"0","right":"0","bottom":"0","left":"8","isLinked":false}},"elements":[],"isInner":false,"widgetType":"dokan-store-tab-items","elType":"widget"}],"isInner":true,"elType":"column"},{"id":"65c70f10","settings":{"_column_size":50,"_inline_size":57.806,"css_classes":"dokan-elementor-flex-right","margin":{"unit":"px","top":"","right":"","bottom":"","left":"","isLinked":false}},"elements":[{"id":"2b8589dd","settings":{"__dynamic__":{"text":"[elementor-tag id=\"\" name=\"dokan-store-follow-store-button-tag\" settings=\"%7B%22before%22%3A%22%22%2C%22after%22%3A%22%22%2C%22fallback%22%3A%22%22%7D\"]"},"text":"Click here","size":"xs","_element_width":"auto","_margin":{"unit":"px","top":"3","right":"3","bottom":"0","left":"0","isLinked":false}},"elements":[],"isInner":false,"widgetType":"dokan-store-follow-store-button","elType":"widget"},{"id":"6eebf30e","settings":{"__dynamic__":{"text":"[elementor-tag id=\"\" name=\"dokan-store-support-button-tag\" settings=\"%7B%22before%22%3A%22%22%2C%22after%22%3A%22%22%2C%22fallback%22%3A%22%22%7D\"]"},"text":"Click here","size":"xs","_element_width":"auto","_margin":{"unit":"px","top":"3","right":"3","bottom":"0","left":"0","isLinked":false}},"elements":[],"isInner":false,"widgetType":"dokan-store-support-button","elType":"widget"},{"id":"5da2814f","settings":{"__dynamic__":{"text":"[elementor-tag id=\"\" name=\"dokan-store-live-chat-button-tag\" settings=\"%7B%22before%22%3A%22%22%2C%22after%22%3A%22%22%2C%22fallback%22%3A%22%22%7D\"]"},"text":"Click here","size":"xs","_element_width":"initial","_margin":{"unit":"%","top":"3","right":"0","bottom":"0","left":"0","isLinked":false}},"elements":[],"isInner":false,"widgetType":"dokan-store-live-chat-button","elType":"widget"},{"id":"5c8d6216","settings":{"text":"Share","size":"xs","_element_width":"auto","_margin":{"unit":"px","top":"3","right":"3","bottom":"0","left":"3","isLinked":false}},"elements":[],"isInner":false,"widgetType":"dokan-store-share-button","elType":"widget"}],"isInner":true,"elType":"column"}],"isInner":true,"elType":"section"},{"id":"7e66e5ef","settings":{"layout":"full_width","gap":"no","margin":{"unit":"%","top":"","right":0,"bottom":"","left":0,"isLinked":false}},"elements":[{"id":"398f10e7","settings":{"_column_size":100,"_inline_size":null},"elements":[{"id":"414417b8","settings":{"alert_title":"We are on vacation!","__dynamic__":{"alert_description":"[elementor-tag id=\"\" name=\"dokan-store-vacation-message\" settings=\"%7B%22before%22%3A%22%22%2C%22after%22%3A%22%22%2C%22fallback%22%3A%22%22%7D\"]"}},"elements":[],"isInner":false,"widgetType":"dokan-store-vacation-message","elType":"widget"},{"id":"63f0ab32","settings":{"__dynamic__":{"store_coupons":"[elementor-tag id=\"\" name=\"dokan-store-coupons-tag\" settings=\"%7B%22before%22%3A%22%22%2C%22after%22%3A%22%22%2C%22fallback%22%3A%22%22%7D\"]"}},"elements":[],"isInner":false,"widgetType":"dokan-store-coupons","elType":"widget"},{"id":"365385e4","settings":{"__dynamic__":{"products":"[elementor-tag id=\"\" name=\"dokan-store-dummy-products\" settings=\"%7B%22before%22%3A%22%22%2C%22after%22%3A%22%22%2C%22fallback%22%3A%22%22%7D\"]"}},"elements":[],"isInner":false,"widgetType":"dokan-store-tab-contents","elType":"widget"}],"isInner":true,"elType":"column"}],"isInner":true,"elType":"section"}],"isInner":false,"elType":"column"}],"isInner":false,"elType":"section"}]}
